<aoffile Header="STM8BOOTLOADER" Path="C:\DOCUMENTS AND SETTINGS\JEROME SEMETTE\DESKTOP\AN2659-STM8_IAP_USING_USER-BOOTLOADER\PROJECT\STM8S_USER-BOOTLOADER_EXAMPLE\RIDE\STM8BOOTLOADER.AOF">
 <Def>
  <Col Header="DeclFile" Desc="File"/>
  <Col Header="Type" Desc="Type"/>
  <Col Header="Header" Desc="Name"/>
 </Def>
 <func Header="main" Icon ="3" Type="func"  Info = ":    main" Desc= " main"  DeclFile= "C:\DOCUMENTS AND SETTINGS\JEROME SEMETTE\DESKTOP\AN2659-STM8_IAP_USING_USER-BOOTLOADER\PROJECT\STM8S_USER-BOOTLOADER_EXAMPLE\SRC\MAIN.C" DeclLine= "0" DefFile= "C:\DOCUMENTS AND SETTINGS\JEROME SEMETTE\DESKTOP\AN2659-STM8_IAP_USING_USER-BOOTLOADER\PROJECT\STM8S_USER-BOOTLOADER_EXAMPLE\SRC\MAIN.C" DefLine= "0" />
 <func Header="ProcessCommands" Icon ="3" Type="func"  Info = ":    ProcessCommands" Desc= " ProcessCommands"  DeclFile= "C:\DOCUMENTS AND SETTINGS\JEROME SEMETTE\DESKTOP\AN2659-STM8_IAP_USING_USER-BOOTLOADER\PROJECT\STM8S_USER-BOOTLOADER_EXAMPLE\SRC\MAIN.C" DeclLine= "0" DefFile= "C:\DOCUMENTS AND SETTINGS\JEROME SEMETTE\DESKTOP\AN2659-STM8_IAP_USING_USER-BOOTLOADER\PROJECT\STM8S_USER-BOOTLOADER_EXAMPLE\SRC\MAIN.C" DefLine= "0" />
 <func Header="GT_Command_Process" Icon ="3" Type="func"  Info = ":    GT_Command_Process" Desc= " GT_Command_Process"  DeclFile= "C:\DOCUMENTS AND SETTINGS\JEROME SEMETTE\DESKTOP\AN2659-STM8_IAP_USING_USER-BOOTLOADER\PROJECT\STM8S_USER-BOOTLOADER_EXAMPLE\SRC\MAIN.C" DeclLine= "0" DefFile= "C:\DOCUMENTS AND SETTINGS\JEROME SEMETTE\DESKTOP\AN2659-STM8_IAP_USING_USER-BOOTLOADER\PROJECT\STM8S_USER-BOOTLOADER_EXAMPLE\SRC\MAIN.C" DefLine= "0" />
 <func Header="RM_Command_Process" Icon ="3" Type="func"  Info = ":    RM_Command_Process" Desc= " RM_Command_Process"  DeclFile= "C:\DOCUMENTS AND SETTINGS\JEROME SEMETTE\DESKTOP\AN2659-STM8_IAP_USING_USER-BOOTLOADER\PROJECT\STM8S_USER-BOOTLOADER_EXAMPLE\SRC\MAIN.C" DeclLine= "0" DefFile= "C:\DOCUMENTS AND SETTINGS\JEROME SEMETTE\DESKTOP\AN2659-STM8_IAP_USING_USER-BOOTLOADER\PROJECT\STM8S_USER-BOOTLOADER_EXAMPLE\SRC\MAIN.C" DefLine= "0" />
 <func Header="GO_Command_Process" Icon ="3" Type="func"  Info = ":    GO_Command_Process" Desc= " GO_Command_Process"  DeclFile= "C:\DOCUMENTS AND SETTINGS\JEROME SEMETTE\DESKTOP\AN2659-STM8_IAP_USING_USER-BOOTLOADER\PROJECT\STM8S_USER-BOOTLOADER_EXAMPLE\SRC\MAIN.C" DeclLine= "0" DefFile= "C:\DOCUMENTS AND SETTINGS\JEROME SEMETTE\DESKTOP\AN2659-STM8_IAP_USING_USER-BOOTLOADER\PROJECT\STM8S_USER-BOOTLOADER_EXAMPLE\SRC\MAIN.C" DefLine= "0" />
 <func Header="WM_Command_Process" Icon ="3" Type="func"  Info = ":    WM_Command_Process" Desc= " WM_Command_Process"  DeclFile= "C:\DOCUMENTS AND SETTINGS\JEROME SEMETTE\DESKTOP\AN2659-STM8_IAP_USING_USER-BOOTLOADER\PROJECT\STM8S_USER-BOOTLOADER_EXAMPLE\SRC\MAIN.C" DeclLine= "0" DefFile= "C:\DOCUMENTS AND SETTINGS\JEROME SEMETTE\DESKTOP\AN2659-STM8_IAP_USING_USER-BOOTLOADER\PROJECT\STM8S_USER-BOOTLOADER_EXAMPLE\SRC\MAIN.C" DefLine= "0" />
 <func Header="CheckAddress" Icon ="3" Type="func"  Info = ":    CheckAddress" Desc= " CheckAddress"  DeclFile= "C:\DOCUMENTS AND SETTINGS\JEROME SEMETTE\DESKTOP\AN2659-STM8_IAP_USING_USER-BOOTLOADER\PROJECT\STM8S_USER-BOOTLOADER_EXAMPLE\SRC\MAIN.C" DeclLine= "0" DefFile= "C:\DOCUMENTS AND SETTINGS\JEROME SEMETTE\DESKTOP\AN2659-STM8_IAP_USING_USER-BOOTLOADER\PROJECT\STM8S_USER-BOOTLOADER_EXAMPLE\SRC\MAIN.C" DefLine= "0" />
 <func Header="WriteBuffer" Icon ="3" Type="func"  Info = ":    WriteBuffer" Desc= " WriteBuffer"  DeclFile= "C:\DOCUMENTS AND SETTINGS\JEROME SEMETTE\DESKTOP\AN2659-STM8_IAP_USING_USER-BOOTLOADER\PROJECT\STM8S_USER-BOOTLOADER_EXAMPLE\SRC\MAIN.C" DeclLine= "0" DefFile= "C:\DOCUMENTS AND SETTINGS\JEROME SEMETTE\DESKTOP\AN2659-STM8_IAP_USING_USER-BOOTLOADER\PROJECT\STM8S_USER-BOOTLOADER_EXAMPLE\SRC\MAIN.C" DefLine= "0" />
 <func Header="WriteBufferFlash" Icon ="3" Type="func"  Info = ":    WriteBufferFlash" Desc= " WriteBufferFlash"  DeclFile= "C:\DOCUMENTS AND SETTINGS\JEROME SEMETTE\DESKTOP\AN2659-STM8_IAP_USING_USER-BOOTLOADER\PROJECT\STM8S_USER-BOOTLOADER_EXAMPLE\SRC\MAIN.C" DeclLine= "0" DefFile= "C:\DOCUMENTS AND SETTINGS\JEROME SEMETTE\DESKTOP\AN2659-STM8_IAP_USING_USER-BOOTLOADER\PROJECT\STM8S_USER-BOOTLOADER_EXAMPLE\SRC\MAIN.C" DefLine= "0" />
 <func Header="DeInitBootloader" Icon ="3" Type="func"  Info = ":    DeInitBootloader" Desc= " DeInitBootloader"  DeclFile= "C:\DOCUMENTS AND SETTINGS\JEROME SEMETTE\DESKTOP\AN2659-STM8_IAP_USING_USER-BOOTLOADER\PROJECT\STM8S_USER-BOOTLOADER_EXAMPLE\SRC\MAIN.C" DeclLine= "0" DefFile= "C:\DOCUMENTS AND SETTINGS\JEROME SEMETTE\DESKTOP\AN2659-STM8_IAP_USING_USER-BOOTLOADER\PROJECT\STM8S_USER-BOOTLOADER_EXAMPLE\SRC\MAIN.C" DefLine= "0" />
 <func Header="protocol_init" Icon ="3" Type="func"  Info = ":    protocol_init" Desc= " protocol_init"  DeclFile= "C:\DOCUMENTS AND SETTINGS\JEROME SEMETTE\DESKTOP\AN2659-STM8_IAP_USING_USER-BOOTLOADER\PROJECT\STM8S_USER-BOOTLOADER_EXAMPLE\SRC\MAIN.C" DeclLine= "0" DefFile= "C:\DOCUMENTS AND SETTINGS\JEROME SEMETTE\DESKTOP\AN2659-STM8_IAP_USING_USER-BOOTLOADER\PROJECT\STM8S_USER-BOOTLOADER_EXAMPLE\SRC\MAIN.C" DefLine= "0" />
 <func Header="Transmit" Icon ="3" Type="func"  Info = ":    Transmit" Desc= " Transmit"  DeclFile= "C:\DOCUMENTS AND SETTINGS\JEROME SEMETTE\DESKTOP\AN2659-STM8_IAP_USING_USER-BOOTLOADER\PROJECT\STM8S_USER-BOOTLOADER_EXAMPLE\SRC\MAIN.C" DeclLine= "0" DefFile= "C:\DOCUMENTS AND SETTINGS\JEROME SEMETTE\DESKTOP\AN2659-STM8_IAP_USING_USER-BOOTLOADER\PROJECT\STM8S_USER-BOOTLOADER_EXAMPLE\SRC\MAIN.C" DefLine= "0" />
 <func Header="Receive" Icon ="3" Type="func"  Info = ":    Receive" Desc= " Receive"  DeclFile= "C:\DOCUMENTS AND SETTINGS\JEROME SEMETTE\DESKTOP\AN2659-STM8_IAP_USING_USER-BOOTLOADER\PROJECT\STM8S_USER-BOOTLOADER_EXAMPLE\SRC\MAIN.C" DeclLine= "0" DefFile= "C:\DOCUMENTS AND SETTINGS\JEROME SEMETTE\DESKTOP\AN2659-STM8_IAP_USING_USER-BOOTLOADER\PROJECT\STM8S_USER-BOOTLOADER_EXAMPLE\SRC\MAIN.C" DefLine= "0" />
 <func Header="Master_ident" Icon ="3" Type="func"  Info = ":    Master_ident" Desc= " Master_ident"  DeclFile= "C:\DOCUMENTS AND SETTINGS\JEROME SEMETTE\DESKTOP\AN2659-STM8_IAP_USING_USER-BOOTLOADER\PROJECT\STM8S_USER-BOOTLOADER_EXAMPLE\SRC\MAIN.C" DeclLine= "0" DefFile= "C:\DOCUMENTS AND SETTINGS\JEROME SEMETTE\DESKTOP\AN2659-STM8_IAP_USING_USER-BOOTLOADER\PROJECT\STM8S_USER-BOOTLOADER_EXAMPLE\SRC\MAIN.C" DefLine= "0" />
 <func Header="ReceiveAddress" Icon ="3" Type="func"  Info = ":    ReceiveAddress" Desc= " ReceiveAddress"  DeclFile= "C:\DOCUMENTS AND SETTINGS\JEROME SEMETTE\DESKTOP\AN2659-STM8_IAP_USING_USER-BOOTLOADER\PROJECT\STM8S_USER-BOOTLOADER_EXAMPLE\SRC\MAIN.C" DeclLine= "0" DefFile= "C:\DOCUMENTS AND SETTINGS\JEROME SEMETTE\DESKTOP\AN2659-STM8_IAP_USING_USER-BOOTLOADER\PROJECT\STM8S_USER-BOOTLOADER_EXAMPLE\SRC\MAIN.C" DefLine= "0" />
 <func Header="ReceiveCount" Icon ="3" Type="func"  Info = ":    ReceiveCount" Desc= " ReceiveCount"  DeclFile= "C:\DOCUMENTS AND SETTINGS\JEROME SEMETTE\DESKTOP\AN2659-STM8_IAP_USING_USER-BOOTLOADER\PROJECT\STM8S_USER-BOOTLOADER_EXAMPLE\SRC\MAIN.C" DeclLine= "0" DefFile= "C:\DOCUMENTS AND SETTINGS\JEROME SEMETTE\DESKTOP\AN2659-STM8_IAP_USING_USER-BOOTLOADER\PROJECT\STM8S_USER-BOOTLOADER_EXAMPLE\SRC\MAIN.C" DefLine= "0" />
 <func Header="unlock_PROG" Icon ="3" Type="func"  Info = ":    unlock_PROG" Desc= " unlock_PROG"  DeclFile= "C:\DOCUMENTS AND SETTINGS\JEROME SEMETTE\DESKTOP\AN2659-STM8_IAP_USING_USER-BOOTLOADER\PROJECT\STM8S_USER-BOOTLOADER_EXAMPLE\SRC\MAIN.C" DeclLine= "0" DefFile= "C:\DOCUMENTS AND SETTINGS\JEROME SEMETTE\DESKTOP\AN2659-STM8_IAP_USING_USER-BOOTLOADER\PROJECT\STM8S_USER-BOOTLOADER_EXAMPLE\SRC\MAIN.C" DefLine= "0" />
 <func Header="unlock_DATA" Icon ="3" Type="func"  Info = ":    unlock_DATA" Desc= " unlock_DATA"  DeclFile= "C:\DOCUMENTS AND SETTINGS\JEROME SEMETTE\DESKTOP\AN2659-STM8_IAP_USING_USER-BOOTLOADER\PROJECT\STM8S_USER-BOOTLOADER_EXAMPLE\SRC\MAIN.C" DeclLine= "0" DefFile= "C:\DOCUMENTS AND SETTINGS\JEROME SEMETTE\DESKTOP\AN2659-STM8_IAP_USING_USER-BOOTLOADER\PROJECT\STM8S_USER-BOOTLOADER_EXAMPLE\SRC\MAIN.C" DefLine= "0" />
 <func Header="Mem_ProgramBlock" Icon ="3" Type="func"  Info = ":    Mem_ProgramBlock" Desc= " Mem_ProgramBlock"  DeclFile= "C:\DOCUMENTS AND SETTINGS\JEROME SEMETTE\DESKTOP\AN2659-STM8_IAP_USING_USER-BOOTLOADER\PROJECT\STM8S_USER-BOOTLOADER_EXAMPLE\SRC\MAIN.C" DeclLine= "0" DefFile= "C:\DOCUMENTS AND SETTINGS\JEROME SEMETTE\DESKTOP\AN2659-STM8_IAP_USING_USER-BOOTLOADER\PROJECT\STM8S_USER-BOOTLOADER_EXAMPLE\SRC\MAIN.C" DefLine= "0" />
 <func Header="FLASH_ProgramOptionByte" Icon ="3" Type="func"  Info = ":    FLASH_ProgramOptionByte" Desc= " FLASH_ProgramOptionByte"  DeclFile= "C:\DOCUMENTS AND SETTINGS\JEROME SEMETTE\DESKTOP\AN2659-STM8_IAP_USING_USER-BOOTLOADER\PROJECT\STM8S_USER-BOOTLOADER_EXAMPLE\SRC\MAIN.C" DeclLine= "0" DefFile= "C:\DOCUMENTS AND SETTINGS\JEROME SEMETTE\DESKTOP\AN2659-STM8_IAP_USING_USER-BOOTLOADER\PROJECT\STM8S_USER-BOOTLOADER_EXAMPLE\SRC\MAIN.C" DefLine= "0" />
 <func Header="CLK_GetClockFreq" Icon ="3" Type="func"  Info = ":    CLK_GetClockFreq" Desc= " CLK_GetClockFreq"  DeclFile= "C:\DOCUMENTS AND SETTINGS\JEROME SEMETTE\DESKTOP\AN2659-STM8_IAP_USING_USER-BOOTLOADER\PROJECT\STM8S_USER-BOOTLOADER_EXAMPLE\SRC\MAIN.C" DeclLine= "0" DefFile= "C:\DOCUMENTS AND SETTINGS\JEROME SEMETTE\DESKTOP\AN2659-STM8_IAP_USING_USER-BOOTLOADER\PROJECT\STM8S_USER-BOOTLOADER_EXAMPLE\SRC\MAIN.C" DefLine= "0" />
</aoffile>
